Country or Area,Year,CO2,Methane,NitrousOxide
Australia,2018,415953.9467,109532.2099,20114.44485
Australia,2017,415097.4277,108170.6963,21265.585
Australia,2016,411031.5311,105873.9302,19566.3917
Australia,2015,401554.7572,105368.8013,19557.63062
Australia,2014,394116.8915,105070.906,20096.66361
Australia,2013,397943.1786,107218.4687,19651.62091
Australia,2012,406506.2418,107907.0726,20821.19426
Australia,2011,404172.757,108278.926,20478.32266
Australia,2010,405502.7989,106258.9856,19711.35419
Australia,2009,407463.328,108388.5356,19818.98012
Australia,2008,404417.4075,109353.5925,19431.19553
Australia,2007,399842.4606,111065.157,19156.99406
Australia,2006,392680.6463,111344.1311,20723.37634
Australia,2005,386513.4543,111908.8764,20793.96322
Australia,2004,383205.1223,110200.4546,20697.95528
Australia,2003,369726.0181,108063.8728,19019.88863
Australia,2002,362209.546,113507.386,20212.34028
Australia,2001,357669.1829,115299.1746,19686.16648
Australia,2000,350195.0238,116699.1851,19366.19124
Australia,1999,344063.7659,113023.5354,18387.65171
Australia,1998,334684.5179,117153.7177,17892.41801
Australia,1997,320795.0862,118199.0407,17647.32335
Australia,1996,312361.5856,115355.7595,16850.84121
Australia,1995,305410.1666,115158.2822,15585.36903
Australia,1994,294014.9608,116834.9417,16316.05129
Australia,1993,289235.1862,120117.9153,15837.18561
Australia,1992,284912.4379,123741.4076,15367.95622
Australia,1991,279872.6603,124308.8691,15558.9119
Australia,1990,278424.6604,124383.1794,15938.28507
Austria,2018,66719.67777,6438.631808,3526.082674
Austria,2017,69628.85961,6626.106918,3561.803028
Austria,2016,67112.26546,6642.60829,3620.060977
Austria,2015,66283.23655,6702.056603,3528.503245
Austria,2014,64084.42747,6777.445867,3518.695026
Austria,2013,67745.68954,6907.097205,3434.520287
Austria,2012,67209.09638,7006.736487,3449.439422
Austria,2011,69898.2413,7108.459349,3481.29621
Austria,2010,72011.84088,7308.657728,3388.642423
Austria,2009,67493.94808,7393.139324,3583.360734
Austria,2008,73588.40482,7469.494271,3805.053456
Austria,2007,74262.58777,7595.134823,3624.902455
Austria,2006,76898.32852,7700.233312,3610.453573
Austria,2005,79192.43192,7799.942828,3601.499442
Austria,2004,77674.39064,8033.7889,3603.295701
Austria,2003,77554.25196,8030.281825,4189.914804
Austria,2002,71918.76215,8093.618089,4199.386951
Austria,2001,70102.59997,8234.657532,4194.978387
Austria,2000,66162.88791,8393.105309,4319.464162
Austria,1999,65562.72177,8564.763438,4338.876684
Austria,1998,66875.14682,8745.768676,4347.655621
Austria,1997,67232.77876,8925.399291,4300.242856
Austria,1996,67421.58909,9227.628606,4273.996227
Austria,1995,64065.25982,9530.405643,4243.976736
Austria,1994,61002.43936,9607.557708,4147.836578
Austria,1993,60635.41914,9897.409664,4195.437463
Austria,1992,60204.06853,9981.6525,4165.895208
Austria,1991,65725.53311,10266.59273,4354.366075
Austria,1990,62124.70071,10391.46011,4320.618353
Belarus,2018,61871.67587,16097.6235,14019.84426
Belarus,2017,60742.93461,15931.56076,14435.0987
Belarus,2016,60284.85059,15784.05949,13971.9375
Belarus,2015,58633.0602,15998.73542,13810.95339
Belarus,2014,63083.63923,15853.78848,14097.26563
Belarus,2013,63743.44537,15777.18601,14368.03634
Belarus,2012,63008.34586,15365.98201,14450.00242
Belarus,2011,62106.7449,15040.70433,14746.25725
Belarus,2010,63156.39185,15150.85216,13968.81209
Belarus,2009,61402.69868,14578.78945,14108.89384
Belarus,2008,65694.81825,14472.78506,13819.72867
Belarus,2007,63569.92831,13506.78631,13097.91908
Belarus,2006,64157.15814,13252.68355,13198.85813
Belarus,2005,61367.09879,12827.12484,12499.4846
Belarus,2004,60076.46853,13084.40877,12115.26537
Belarus,2003,56484.95401,12291.48422,11719.51247
Belarus,2002,55077.69725,12147.15207,11120.48097
Belarus,2001,54967.8713,12221.68329,12433.77227
Belarus,2000,54877.3583,12286.22615,12425.25474
Belarus,1999,54984.49716,12424.76067,12246.61801
Belarus,1998,57372.46778,12875.76403,15650.25745
Belarus,1997,58720.59178,12885.35991,12809.86063
Belarus,1996,58214.79941,12808.02761,12420.86958
Belarus,1995,57375.45072,12865.93327,11609.83469
Belarus,1994,62367.88552,13558.63207,12452.74983
Belarus,1993,76380.04986,14309.11788,14591.44461
Belarus,1992,88662.01295,15115.86562,14444.03844
Belarus,1991,96647.12528,16387.25889,16151.48289
Belarus,1990,103689.711,17458.52491,16618.17154
Belgium,2018,100207.836,7848.735269,5702.28694
Belgium,2017,99456.27527,7932.116317,5978.511667
Belgium,2016,99806.94441,8101.186884,5762.548647
Belgium,2015,100981.3441,8127.371487,6035.059086
Belgium,2014,96811.32308,8118.957929,6181.749975
Belgium,2013,102674.4041,8236.656142,6146.26473
Belgium,2012,102428.7547,8392.1301,6306.825079
Belgium,2011,105046.0578,8530.818689,6374.290986
Belgium,2010,114561.0302,8794.357034,7587.117907
Belgium,2009,107743.3667,8846.083851,7071.587422
Belgium,2008,120202.8623,8911.077527,6972.902185
Belgium,2007,120496.1616,9109.246162,6979.09455
Belgium,2006,123905.7573,9169.308802,7504.654737
Belgium,2005,125661.6877,9270.777996,8508.140087
Belgium,2004,128805.2923,9517.352387,8753.830508
Belgium,2003,128275.2647,9568.973191,8568.448066
Belgium,2002,126878.5821,10139.99343,9464.950977
Belgium,2001,126084.6844,10576.6617,9815.230328
Belgium,2000,126735.2963,11027.45056,10211.42206
Belgium,1999,124718.8983,11472.60913,10932.60622
Belgium,1998,130227.1097,11731.08091,10926.85065
Belgium,1997,124001.7643,11897.92762,11041.48429
Belgium,1996,129496.5802,12009.64367,11264.77224
Belgium,1995,125956.4726,12168.09822,10825.69515
Belgium,1994,124816.9044,12091.9747,10343.0575
Belgium,1993,121444.2046,12046.38008,9937.780913
Belgium,1992,122507.8422,12099.24186,9664.39584
Belgium,1991,123382.0823,12178.67122,9940.160112
Belgium,1990,120309.3428,12215.1851,10072.88148
Bulgaria,2018,43551.59905,6753.665421,5239.787499
Bulgaria,2017,47505.16353,7001.139846,5342.273688
Bulgaria,2016,45353.72342,7213.214692,5359.998836
Bulgaria,2015,48194.27999,7450.421038,5035.811136
Bulgaria,2014,45169.32969,7459.824743,4925.232014
Bulgaria,2013,42649.50769,7564.695251,4463.951063
Bulgaria,2012,48349.00854,7686.28673,4066.365814
Bulgaria,2011,53178.04361,8056.328578,3991.728782
Bulgaria,2010,47862.93039,7844.178564,4337.751013
Bulgaria,2009,45773.77102,7877.059093,3854.564148
Bulgaria,2008,54079.55745,8180.575595,4247.36697
Bulgaria,2007,55740.84477,8406.993657,4013.35404
Bulgaria,2006,51895.21911,8501.912178,3975.633257
Bulgaria,2005,50656.42664,8808.961328,4449.012379
Bulgaria,2004,49570.73063,9281.170406,4612.455071
Bulgaria,2003,50509.66892,9898.421717,4010.521233
Bulgaria,2002,46258.57285,9459.666424,4177.034292
Bulgaria,2001,49014.13625,9326.837366,4247.140698
Bulgaria,2000,45305.0319,10068.64808,4166.833753
Bulgaria,1999,46369.9838,10218.33335,4093.25579
Bulgaria,1998,53275.21705,10729.11278,3930.764835
Bulgaria,1997,55861.26939,11325.21477,4766.532953
Bulgaria,1996,58108.01972,11653.21318,5010.644563
Bulgaria,1995,57716.36593,11744.35733,5145.587988
Bulgaria,1994,56083.52661,11703.38221,5314.776258
Bulgaria,1993,57675.63719,13597.77477,5464.441173
Bulgaria,1992,57010.43204,14661.37415,6051.116493
Bulgaria,1991,61232.59673,14946.89968,7166.472852
Bulgaria,1990,76698.97508,15936.76897,9154.901494
Canada,2018,586504.6345,91424.11113,37944.54241
Canada,2017,572834.3894,91893.04174,36556.52674
Canada,2016,564032.53,92507.15905,37239.84535
Canada,2015,575906.9386,95542.41621,36490.29021
Canada,2014,575942.1788,97277.553,35711.45785
Canada,2013,576327.0062,95502.21377,36918.90618
Canada,2012,569737.013,94060.47297,34988.37385
Canada,2011,566740.991,91386.64195,33610.40524
Canada,2010,555549.8495,91559.35782,33391.60871
Canada,2009,542549.5998,93922.014,34228.17368
Canada,2008,575586.908,100190.8317,37409.1818
Canada,2007,594220.5708,103092.8742,35662.6466
Canada,2006,570950.3809,104730.63,34931.9683
Canada,2005,576434.4638,105737.3318,37212.33088
Canada,2004,585703.098,107090.8911,38343.73467
Canada,2003,587178.1489,106786.298,36159.95365
Canada,2002,570844.7776,108324.7127,34692.80619
Canada,2001,564946.3981,110153.7347,34832.89285
Canada,2000,572162.1029,112024.2582,35852.66882
Canada,1999,549553.212,111548.902,36320.46507
Canada,1998,533639.7928,110472.3769,38492.86434
Canada,1997,524789.1668,109737.3139,42263.77952
Canada,1996,510736.6564,111229.5711,43528.07348
Canada,1995,494920.2548,107642.182,41412.65963
Canada,1994,482436.5787,103723.725,40876.98576
Canada,1993,467406.411,99891.59135,37921.07982
Canada,1992,467037.4201,96534.41389,37932.79565
Canada,1991,452494.7231,92223.15634,37379.77358
Canada,1990,462117.3511,90484.94758,38864.87949
Croatia,2018,17718.64557,3888.723172,1685.849982
Croatia,2017,18737.68904,4069.11115,1730.569882
Croatia,2016,18105.04378,4085.022604,1595.353355
Croatia,2015,17840.75069,3946.530644,1850.321768
Croatia,2014,17704.98528,3854.512355,1656.255249
Croatia,2013,18454.62201,3812.171822,1721.742167
Croatia,2012,19114.77903,4048.485231,2317.713064
Croatia,2011,20682.43924,4095.32989,2524.574076
Croatia,2010,21050.85968,4145.181079,2449.829242
Croatia,2009,21837.80144,4069.524033,2211.454806
Croatia,2008,23628.57773,3990.743468,2853.511258
Croatia,2007,24843.81244,3994.549011,2548.672706
Croatia,2006,23529.45374,3969.979979,2494.859599
Croatia,2005,23330.09858,3833.011918,2478.440368
Croatia,2004,22916.82796,3811.733803,2484.036605
Croatia,2003,23268.20988,3706.879437,2268.535569
Croatia,2002,21912.73687,3527.084128,2370.612387
Croatia,2001,20806.73597,3508.629806,2405.632146
Croatia,2000,19694.44821,3425.734223,2429.110137
Croatia,1999,20115.45544,3470.942561,2332.764982
Croatia,1998,19278.90348,3401.569192,2129.173487
Croatia,1997,18575.87868,3419.163313,2455.998614
Croatia,1996,17515.26635,3439.269833,2272.347296
Croatia,1995,16926.33577,3471.36939,2301.284001
Croatia,1994,16214.22219,3512.748568,2378.572883
Croatia,1993,16959.78057,3694.612889,2344.855653
Croatia,1992,16506.077,3776.106658,2745.002477
Croatia,1991,17182.30206,4234.888546,2756.146612
Croatia,1990,23329.24943,4382.440862,2913.469732
Cyprus,2018,7332.761853,884.5450661,296.9986448
Cyprus,2017,7515.688165,875.26306,295.5805381
Cyprus,2016,7368.227857,858.3736346,290.3995014
Cyprus,2015,6960.129496,832.4277216,283.0537118
Cyprus,2014,6934.591927,820.8414571,275.498496
Cyprus,2013,6554.364046,820.46419,280.1903459
Cyprus,2012,7234.89237,826.5208897,303.4130931
Cyprus,2011,7759.467718,837.1002533,308.5544081
Cyprus,2010,8089.011267,831.9147611,321.2071067
Cyprus,2009,8453.79757,824.0187532,304.3749506
Cyprus,2008,8707.253171,821.7132338,312.0377873
Cyprus,2007,8538.918326,823.4022272,324.3989937
Cyprus,2006,8223.174492,820.1893356,329.7296417
Cyprus,2005,8031.300674,818.5000376,316.7678931
Cyprus,2004,7840.938996,835.4931045,343.7119202
Cyprus,2003,7605.550626,840.2089161,382.3347443
Cyprus,2002,7210.778662,848.4138636,385.8903395
Cyprus,2001,7021.41201,824.1745799,381.5055556
Cyprus,2000,7145.880333,792.5176686,349.9683593
Cyprus,1999,6882.469707,776.0348059,364.0806722
Cyprus,1998,6614.649104,772.644644,372.4381164
Cyprus,1997,6321.030135,771.1799348,348.1813638
Cyprus,1996,6233.229775,766.9968211,354.3170687
Cyprus,1995,5882.266123,750.0740611,379.1570545
Cyprus,1994,6011.113228,728.9266898,337.3000486
Cyprus,1993,5766.974015,715.6928323,343.5961714
Cyprus,1992,5522.905619,691.2208493,324.3275741
Cyprus,1991,5146.608555,673.091968,293.7954132
Cyprus,1990,4656.893579,661.4322437,292.4899038
Czechia,2018,104411.2107,13154.94202,6072.341028
Czechia,2017,105641.7264,13280.20912,6420.312026
Czechia,2016,106629.0204,13478.71662,6503.630725
Czechia,2015,104815.3768,13943.87648,6172.239855
Czechia,2014,104049.8795,13878.47613,5770.808922
Czechia,2013,106427.4589,13879.72306,5670.861941
Czechia,2012,110955.1646,14460.43577,5894.467871
Czechia,2011,115060.2594,14477.98161,6039.31541
Czechia,2010,117500.7118,14445.96563,5401.228796
Czechia,2009,115193.7434,14245.74712,5523.502382
Czechia,2008,122941.3733,14594.55025,6367.465646
Czechia,2007,128264.3297,14472.8905,6293.718891
Czechia,2006,126449.4545,14907.95291,6236.994041
Czechia,2005,125671.9418,14675.19035,6358.150674
Czechia,2004,128113.8111,14302.90908,6545.5761
Czechia,2003,127382.8034,14724.33048,5862.671166
Czechia,2002,123895.6221,14713.11369,6331.089981
Czechia,2001,126957.5554,15134.84934,6729.454207
Czechia,2000,127066.454,15378.57872,6481.384195
Czechia,1999,116623.4283,16203.86966,6057.872864
Czechia,1998,125317.6692,16932.603,6255.128463
Czechia,1997,130733.0672,17618.1939,6371.217815
Czechia,1996,134962.5459,18026.76564,6399.903793
Czechia,1995,131608.2595,18174.54935,6640.723062
Czechia,1994,132376.1369,18598.24292,6344.625938
Czechia,1993,138637.2878,19715.84516,6459.261931
Czechia,1992,144619.022,20623.3195,7206.17716
Czechia,1991,148894.1274,21959.70669,8048.608589
Czechia,1990,164204.2057,23527.88976,9386.212652
Denmark,2018,36246.20482,7368.496141,5420.926593
Denmark,2017,36213.25228,7280.574435,5620.142757
Denmark,2016,38301.02449,7252.960969,5559.228488
Denmark,2015,36493.99485,7201.291066,5408.645147
Denmark,2014,38866.72865,7274.49979,5398.924494
Denmark,2013,43079.32934,7308.403902,5301.203999
Denmark,2012,41218.23567,7400.802488,5306.470021
Denmark,2011,45652.27883,7508.191531,5397.772266
Denmark,2010,50678.30619,7667.566784,5404.155643
Denmark,2009,50184.6892,7603.821664,5500.303056
Denmark,2008,52640.36629,7734.270565,5699.285068
Denmark,2007,56102.03543,7850.521005,5707.8716
Denmark,2006,60858.68535,7874.898219,5528.143596
Denmark,2005,52932.00069,7979.282415,5662.26021
Denmark,2004,56499.8132,8219.210385,6298.399793
Denmark,2003,62055.9328,8398.561877,6731.064541
Denmark,2002,56895.53887,8373.844693,6853.765417
Denmark,2001,57322.67871,8435.602367,6918.093443
Denmark,2000,55609.68554,8194.990099,7115.785388
Denmark,1999,59842.61911,8270.359348,7176.862364
Denmark,1998,62395.89236,8380.689088,7108.604913
Denmark,1997,66603.07504,8328.216081,7059.01525
Denmark,1996,75987.01221,8447.78742,7027.353557
Denmark,1995,62655.77257,8339.075153,7374.65471
Denmark,1994,65699.56566,8266.487329,7443.107376
Denmark,1993,61682.59609,8386.304967,7527.218926
Denmark,1992,59595.58858,8196.321346,7761.474165
Denmark,1991,65428.34553,8126.700764,8014.562399
Denmark,1990,54845.67448,7941.910315,8170.027594
Estonia,2018,17710.9527,1117.408941,912.1873845
Estonia,2017,18635.8722,1129.416774,923.8589343
Estonia,2016,17377.65031,1125.235182,899.4288644
Estonia,2015,15813.40444,1146.790789,924.097318
Estonia,2014,18755.94859,1181.297607,899.3090939
Estonia,2013,19551.95311,1216.180174,870.1436172
Estonia,2012,17684.97539,1218.326308,868.4172857
Estonia,2011,18855.12469,1200.646429,817.4228661
Estonia,2010,18784.96062,1243.701641,813.1304611
Estonia,2009,14339.00937,1222.712667,798.9618373
Estonia,2008,17668.11724,1207.164735,845.6417193
Estonia,2007,19838.5634,1222.51763,790.6553321
Estonia,2006,16208.80542,1206.180157,725.056891
Estonia,2005,16921.62025,1217.738898,736.8835501
Estonia,2004,17201.01278,1249.964911,734.356479
Estonia,2003,16937.23135,1231.974447,696.5116619
Estonia,2002,15090.48722,1229.502785,647.7276914
Estonia,2001,15576.73398,1273.097961,670.3455188
Estonia,2000,15244.18807,1238.025487,682.5744722
Estonia,1999,15653.3481,1199.276036,666.4322703
Estonia,1998,16817.24734,1288.110792,755.9298454
Estonia,1997,18317.27539,1329.172124,733.3792814
Estonia,1996,18759.52499,1275.41605,724.4236161
Estonia,1995,18048.82999,1261.98437,766.7567732
Estonia,1994,19734.04945,1301.620501,839.213723
Estonia,1993,18910.36138,1343.620617,930.7501165
Estonia,1992,24370.46197,1581.387307,1188.448351
Estonia,1991,33901.77483,1822.659346,1431.640672
Estonia,1990,36907.23754,1901.294089,1468.776969
European Union,2018,3432017.496,446029.3346,235383.8108
European Union,2017,3513036.182,452761.6314,240270.2433
European Union,2016,3500042.739,453520.7174,235792.5587
European Union,2015,3518768.001,459247.5459,236647.0763
European Union,2014,3480937.318,459501.6187,236197.2279
European Union,2013,3655077.462,466765.2709,233020.9986
European Union,2012,3745971.327,476423.3781,232607.8488
European Union,2011,3803658.29,480728.304,235137.5217
European Union,2010,3951411.914,490884.8979,239061.2673
European Union,2009,3832105.82,501782.2489,249087.0204
European Union,2008,4172947.613,514020.6551,265155.5477
European Union,2007,4272760.081,525152.3693,275383.0631
European Union,2006,4319665.139,533854.3668,274604.8768
European Union,2005,4313650.093,546372.7809,285768.8751
European Union,2004,4336433.661,558072.2362,292931.5932
European Union,2003,4324440.216,575652.2647,287321.8849
European Union,2002,4228876.175,583879.9074,289748.1803
European Union,2001,4243023.942,595314.223,301460.5137
European Union,2000,4177734.741,606071.4249,303953.144
European Union,1999,4158896.767,628325.2106,305081.2831
European Union,1998,4224534.866,640348.3606,325237.0723
European Union,1997,4227943.483,655916.7112,346965.725
European Union,1996,4317840.994,662074.4666,349939.0697
European Union,1995,4212988.597,665787.5908,343822.5396
European Union,1994,4169946.812,667016.3163,341241.7531
European Union,1993,4187802.391,683170.5649,338563.1875
European Union,1992,4271808.703,692025.167,348296.824
European Union,1991,4413593.528,707433.0564,362510.3818
European Union,1990,4466227.834,728946.9027,380749.4405
Finland,2018,45849.3494,4540.853818,4768.969797
Finland,2017,44673.06342,4605.279936,4819.597966
Finland,2016,47227.54757,4728.338861,4777.339906
Finland,2015,44113.71374,4856.615865,4764.81489
Finland,2014,47643.86328,4892.211429,4759.143499
Finland,2013,51750.95935,4989.555252,4699.461291
Finland,2012,51222.14666,5128.187197,4660.700748
Finland,2011,56665.65205,5183.202237,4668.632409
Finland,2010,64099.45132,5354.961516,4808.353369
Finland,2009,55924.36519,5296.737723,5202.25423
Finland,2008,58609.61855,5363.356001,6066.751665
Finland,2007,66760.303,5506.255289,5910.675072
Finland,2006,68384.42277,5638.586195,5841.135196
Finland,2005,57042.8982,5564.712129,6046.21923
Finland,2004,68960.75486,5813.206623,5956.18812
Finland,2003,72657.8208,5997.030902,5869.944566
Finland,2002,65059.79157,6202.635569,5737.954458
Finland,2001,62536.20599,6426.328807,5697.289266
Finland,2000,57038.24715,6561.350543,5801.014177
Finland,1999,58894.76995,6819.209755,5726.718681
Finland,1998,59373.25609,6992.46879,5777.648206
Finland,1997,62722.99242,7258.966425,5953.749087
Finland,1996,64062.40929,7341.617169,5939.949697
Finland,1995,58145.44311,7420.028523,5902.753686
Finland,1994,61716.20222,7627.47646,5765.754753
Finland,1993,56352.55307,7657.233061,5653.942278
Finland,1992,54285.52648,7617.081575,5487.999377
Finland,1991,55230.40408,7666.524321,5916.809023
Finland,1990,56971.87427,7684.616735,6356.061365
France,2018,338327.0964,56500.00421,40322.26059
France,2017,352178.9836,57378.98082,42013.07058
France,2016,347095.6246,57747.16519,40505.73688
France,2015,344096.9781,58308.52026,41567.8895
France,2014,339492.9158,58986.96668,41735.97067
France,2013,370548.9909,59160.69784,40515.58522
France,2012,368311.7726,59676.20803,40739.47356
France,2011,367051.0831,61006.37161,40527.3191
France,2010,393717.8185,62197.3556,41992.93497
France,2009,385421.5837,62456.82043,44248.76041
France,2008,401422.8699,63548.03864,45787.29342
France,2007,409033.4135,63494.3561,46566.48216
France,2006,419737.0202,63920.0744,46399.28331
France,2005,430528.2776,64652.8088,47689.11174
France,2004,427117.5765,65747.94524,48632.2692
France,2003,426145.7,67232.12028,50238.78934
France,2002,419347.5048,68315.59345,52126.00195
France,2001,424005.8505,70014.93442,54870.2918
France,2000,419232.283,70147.72118,55215.21886
France,1999,424600.5058,69778.22367,56292.75597
France,1998,428344.3552,69720.84428,62148.39397
France,1997,408989.959,69606.81784,68822.63363
France,1996,415941.0198,70710.22322,68891.33549
France,1995,400239.1154,71487.88944,67373.31559
France,1994,393368.8635,70887.15453,65846.09421
France,1993,397655.3637,70784.48292,65768.98047
France,1992,418231.0239,70409.64913,66582.50856
France,1991,428927.1067,70584.19183,66928.90738
France,1990,403307.2362,69877.29783,66380.58762
Germany,2018,755362.3425,52641.89152,35518.2864
Germany,2017,786654.5514,54738.29331,37540.9065
Germany,2016,800510.2885,55506.91694,37834.29941
Germany,2015,795816.3587,56767.55946,38667.06905
Germany,2014,792684.874,56991.08387,38050.34231
Germany,2013,831316.279,58219.38579,37406.73714
Germany,2012,813893.1208,58804.78546,36863.34195
Germany,2011,809426.9498,58067.16829,37539.20587
Germany,2010,832669.7351,59181.1997,36235.58391
Germany,2009,790195.7173,60184.94019,44221.49845
Germany,2008,854706.3344,62652.95688,45106.70497
Germany,2007,851383.3049,63569.2319,44707.95713
Germany,2006,877997.391,65595.35181,42827.00623
Germany,2005,866388.5487,69368.13724,43278.88178
Germany,2004,886965.9737,72528.79002,45209.79291
Germany,2003,900866.4054,77513.78501,43033.1248
Germany,2002,899821.0529,80969.34653,42368.96806
Germany,2001,916366.1352,85044.77204,43207.4573
Germany,2000,899780.1982,88605.55099,41763.05928
Germany,1999,895642.931,92729.80754,41707.07866
Germany,1998,923275.9087,93625.79773,45219.72
Germany,1997,931230.0701,98735.20616,57964.7357
Germany,1996,959124.1303,103245.922,60865.33618
Germany,1995,939176.7036,105613.3462,59500.65879
Germany,1994,939630.2793,108086.0872,60066.05707
Germany,1993,956233.1077,112044.5467,58959.56688
Germany,1992,965889.8128,111435.3808,61607.75552
Germany,1991,1014199.715,115019.1769,60357.53314
Germany,1990,1052348.544,121192.5054,62522.84457
Greece,2018,71797.8691,10091.07368,4284.879616
Greece,2017,74852.84589,10059.23071,4365.159286
Greece,2016,71368.36126,9804.960088,4302.036951
Greece,2015,74957.90491,10151.66491,4248.146742
Greece,2014,78659.79574,10323.79316,4310.798034
Greece,2013,81735.05364,10532.9005,4517.956913
Greece,2012,91430.0996,10772.70074,4817.296158
Greece,2011,94549.57729,10935.65713,5245.244371
Greece,2010,97361.50398,11068.167,5489.518174
Greece,2009,104354.7529,10861.70133,5291.306634
Greece,2008,111125.2416,11229.79512,5652.565512
Greece,2007,114592.3352,11326.62162,5892.648889
Greece,2006,112472.4375,11459.9027,5788.939401
Greece,2005,113930.9669,11382.3182,5957.518804
Greece,2004,109546.7492,11287.54005,6128.223227
Greece,2003,109089.7538,11261.48246,6122.614053
Greece,2002,105020.9566,11164.36019,6193.998465
Greece,2001,105385.7004,11055.62704,6235.901181
Greece,2000,102999.0259,11735.93999,6370.030507
Greece,1999,97958.37849,11753.05199,6592.30846
Greece,1998,98641.49937,11772.09154,6636.366286
Greece,1997,93820.93238,11548.54204,6713.920688
Greece,1996,89132.00774,11595.16038,6874.263843
Greece,1995,86979.09769,11427.50943,6702.683066
Greece,1994,86442.17683,11271.23841,6497.038861
Greece,1993,84296.3663,11151.48584,6614.091798
Greece,1992,84982.71063,11116.91583,7169.492593
Greece,1991,83401.12067,11040.95201,7327.432416
Greece,1990,83425.54815,11042.24356,7465.108717
Hungary,2018,49628.49098,7271.998101,4858.696508
Hungary,2017,49684.84716,7374.460022,4801.380661
Hungary,2016,47395.70981,7302.654626,4802.039702
Hungary,2015,46627.61335,7352.830504,4532.274058
Hungary,2014,43862.71109,7329.739986,4429.950702
Hungary,2013,43704.80549,7511.401071,4196.825096
Hungary,2012,46776.67814,7680.183557,3855.720618
Hungary,2011,50322.14566,7630.453369,3918.949857
Hungary,2010,52123.67804,7713.513941,3727.610917
Hungary,2009,51774.96572,7710.223175,3801.618549
Hungary,2008,57530.81504,7673.19028,4095.199748
Hungary,2007,58688.62595,7819.064687,4796.096656
Hungary,2006,59915.38109,7864.57922,5343.925142
Hungary,2005,60606.52733,8011.859672,5617.174834
Hungary,2004,60489.9171,8218.263223,5884.20696
Hungary,2003,61981.47137,8571.372287,5092.936743
Hungary,2002,59197.00465,8400.788229,5169.667467
Hungary,2001,60238.80093,8450.510212,5854.899767
Hungary,2000,58608.27487,8566.310146,5405.13244
Hungary,1999,61911.60213,8465.114031,5065.268934
Hungary,1998,61415.00109,8400.088324,5236.788929
Hungary,1997,61813.1392,8520.158586,5329.159282
Hungary,1996,63257.51983,8660.590619,5332.333747
Hungary,1995,61690.77388,8597.500627,4749.677951
Hungary,1994,61973.51167,9133.625057,5580.557078
Hungary,1993,63632.76198,9603.613091,4627.484808
Hungary,1992,62415.94192,10152.19333,4443.892453
Hungary,1991,69784.5192,11452.91498,5696.795802
Hungary,1990,73464.85382,11721.79571,8376.094385
Iceland,2018,3674.528506,630.020234,305.4746269
Iceland,2017,3614.873294,637.0508804,322.3612701
Iceland,2016,3497.538897,647.8977433,311.480172
Iceland,2015,3545.255164,656.4299505,313.2023112
Iceland,2014,3469.681871,650.4207487,331.0393919
Iceland,2013,3492.771725,638.5787114,302.443709
Iceland,2012,3502.885748,633.4337575,307.1505667
Iceland,2011,3510.638755,660.1924353,302.1034652
Iceland,2010,3660.124667,681.8610662,305.5082394
Iceland,2009,3740.179606,692.4971702,316.7326282
Iceland,2008,3824.940581,701.4643704,341.6759642
Iceland,2007,3512.098023,715.2314067,334.598961
Iceland,2006,3164.402791,708.776782,322.3222952
Iceland,2005,2985.968758,672.5615142,312.0970042
Iceland,2004,3116.887019,684.9670959,311.2300407
Iceland,2003,2994.552503,688.4114117,311.3998673
Iceland,2002,3000.522322,698.2021652,318.252073
Iceland,2001,2875.242235,691.7507663,344.0704548
Iceland,2000,2946.466864,680.2527339,349.1605233
Iceland,1999,2853.954925,680.6358916,369.9777234
Iceland,1998,2647.856127,672.763108,361.5062706
Iceland,1997,2627.513599,671.9669881,362.1290294
Iceland,1996,2532.042407,667.0343004,368.9442705
Iceland,1995,2476.699978,646.1329075,354.1681609
Iceland,1994,2373.296665,644.4344284,360.9975282
Iceland,1993,2432.162016,635.2638727,357.6254242
Iceland,1992,2274.267067,618.5983289,350.3583067
Iceland,1991,2128.40966,607.9519002,367.8564536
Iceland,1990,2247.802921,610.5889527,378.3967007
Ireland,2018,38803.39377,13984.98319,6953.701442
Ireland,2017,38910.19272,13991.90979,6748.962064
Ireland,2016,40029.83658,13678.8442,6465.798907
Ireland,2015,38545.33028,13290.14368,6354.993921
Ireland,2014,36785.32652,12966.84544,6356.316197
Ireland,2013,37235.30295,12672.86574,6536.820247
Ireland,2012,38209.59115,12336.88914,6097.938516
Ireland,2011,38052.2226,12037.56028,5938.673457
Ireland,2010,41747.9286,12070.12268,6345.585321
Ireland,2009,42179.53837,12322.58563,6092.477591
Ireland,2008,47366.2461,12676.40227,6265.733938
Ireland,2007,47665.12966,12879.57896,6322.830582
Ireland,2006,47603.93782,13544.42648,6497.749399
Ireland,2005,48155.53514,13581.8679,6762.021693
Ireland,2004,46166.92555,13904.70572,6915.685562
Ireland,2003,45683.96944,14865.76153,7011.958155
Ireland,2002,46081.98413,14264.94107,7123.927189
Ireland,2001,47607.41652,14363.82829,7468.007213
Ireland,2000,45248.99518,14338.18541,7958.071842
Ireland,1999,42440.07598,14933.19332,8268.92348
Ireland,1998,40708.84985,15436.3304,8512.690866
Ireland,1997,38805.23911,15208.40099,8091.588971
Ireland,1996,37469.14876,15239.2269,8199.479207
Ireland,1995,35852.66712,15000.47301,8084.724003
Ireland,1994,34838.15231,14987.91472,7785.176338
Ireland,1993,33716.17901,15069.05694,7524.637212
Ireland,1992,33494.92817,15053.10802,7400.918063
Ireland,1991,33674.00925,14940.4459,7482.964923
Ireland,1990,32944.32778,14760.68967,7728.687636
Italy,2018,348085.0293,43032.64632,17694.8528
Italy,2017,351473.9329,43657.97068,18007.02846
Italy,2016,356556.196,43399.27075,18099.52863
Italy,2015,360088.1778,43883.60139,17859.25645
Italy,2014,347860.8035,43904.6718,17833.83232
Italy,2013,367568.7123,44770.83587,18289.45702
Italy,2012,401554.7086,46168.16874,19049.92884
Italy,2011,422039.4752,45569.44935,18556.81255
Italy,2010,433688.0239,46980.02783,19078.12221
Italy,2009,422624.1873,47292.36906,19755.63042
Italy,2008,476229.9708,47327.83824,20904.28957
Italy,2007,487693.3055,47763.45212,22407.55958
Italy,2006,495124.1984,47064.7798,23123.38618
Italy,2005,500005.6763,48328.30538,28032.24006
Italy,2004,499619.393,47828.71521,28881.97556
Italy,2003,494183.2869,49446.20785,28081.2836
Italy,2002,476251.236,49240.05195,28230.24284
Italy,2001,468642.8625,50868.63888,28842.86065
Italy,2000,468442.0863,50766.13678,28648.16133
Italy,1999,464548.481,50854.02125,29508.2633
Italy,1998,460049.1991,50880.46032,28951.20688
Italy,1997,448044.9411,51363.92229,28675.84168
Italy,1996,442277.4061,50816.84331,27694.55265
Italy,1995,448332.9062,50325.8432,27578.518
Italy,1994,424581.7208,49708.6066,26503.94203
Italy,1993,430179.9585,49283.52481,27030.97291
Italy,1992,437829.8039,48977.0483,26587.14226
Italy,1991,437538.5965,49126.5475,27051.85185
Italy,1990,438008.8022,48247.48902,26036.24471
Japan,2018,1135688,29854.89744,19999.97657
Japan,2017,1187661.454,30237.19222,20417.79771
Japan,2016,1203167.018,30736.22157,20195.80032
Japan,2015,1222781.315,31064.69379,20737.14393
Japan,2014,1263049.942,31886.89295,21101.08576
Japan,2013,1314702.999,32533.42444,21496.232
Japan,2012,1305432.85,32903.96441,21470.79353
Japan,2011,1264155.127,33776.16854,21789.83456
Japan,2010,1214068.556,34783.5992,22195.3514
Japan,2009,1162647.866,34276.54035,22743.00157
Japan,2008,1231909.525,35239.64598,23386.65688
Japan,2007,1302524.285,35539.52482,24202.34338
Japan,2006,1266828.606,35263.72328,24837.31652
Japan,2005,1290056.277,35845.43941,24962.61332
Japan,2004,1282872.083,36025.05013,25407.78364
Japan,2003,1287642.182,34991.46775,25577.40333
Japan,2002,1279452.965,36436.12613,25735.57795
Japan,2001,1250211.046,37132.10949,26288.30061
Japan,2000,1264844.261,37981.97771,29905.55301
Japan,1999,1242015.307,37989.86987,27386.59913
Japan,1998,1205416.319,38107.77763,33533.04799
Japan,1997,1245112.034,39970.45473,35116.48949
Japan,1996,1251867.569,40721.6936,34309.23232
Japan,1995,1239928.158,41926.41958,33178.79441
Japan,1994,1227566.84,43411.57172,32871.01769
Japan,1993,1172647.309,40025.52089,31615.36825
Japan,1992,1179740.098,44118.70502,31752.76395
Japan,1991,1170065.729,43259.72311,31580.53736
Japan,1990,1158391.311,44418.4873,31875.87917
Latvia,2018,7859.287031,1733.573708,1873.75593
Latvia,2017,7222.784491,1813.307727,1933.333286
Latvia,2016,7220.751429,1780.868203,1916.706882
Latvia,2015,7272.705005,1754.997124,1921.700906
Latvia,2014,7182.633976,1853.725352,1877.415786
Latvia,2013,7381.98894,1806.238806,1837.799307
Latvia,2012,7515.21088,1784.28556,1813.359607
Latvia,2011,7805.399547,1742.766117,1748.122669
Latvia,2010,8548.878759,1791.27026,1748.088524
Latvia,2009,7451.917604,1853.583679,1719.924216
Latvia,2008,8192.818535,1832.923071,1697.222301
Latvia,2007,8631.989067,1869.033362,1720.65199
Latvia,2006,8305.734198,1819.966635,1670.134257
Latvia,2005,7806.676265,1866.900701,1668.878835
Latvia,2004,7727.755698,1817.813559,1630.775042
Latvia,2003,7722.590475,1848.040489,1646.226609
Latvia,2002,7502.608171,1933.105829,1599.948483
Latvia,2001,7474.389958,1958.22478,1636.007999
Latvia,2000,7064.715927,1872.59587,1558.709878
Latvia,1999,7695.9686,1873.419525,1551.48318
Latvia,1998,8280.688153,2006.410204,1621.780471
Latvia,1997,8645.952192,2092.909762,1675.889037
Latvia,1996,9170.267864,2124.73357,1680.38387
Latvia,1995,9090.307635,2160.042636,1686.915822
Latvia,1994,10296.75213,2169.422912,1846.215528
Latvia,1993,11818.64061,2339.63692,2081.040403
Latvia,1992,14079.82942,3059.077956,2513.711145
Latvia,1991,17783.12026,3549.433852,3076.297092
Latvia,1990,19504.13092,3594.96792,3189.474209
Liechtenstein,2018,143.7498395,18.17226901,9.132145866
Liechtenstein,2017,156.2800118,17.99156194,8.973415494
Liechtenstein,2016,149.8805588,18.4904947,9.02464542
Liechtenstein,2015,159.7113434,18.37661955,9.179113659
Liechtenstein,2014,161.2387162,18.54948689,9.126621073
Liechtenstein,2013,192.537021,19.10847319,9.237649323
Liechtenstein,2012,185.3148191,19.91614689,9.529766325
Liechtenstein,2011,176.7769568,19.46801565,9.67454278
Liechtenstein,2010,190.808156,19.11045397,9.292505407
Liechtenstein,2009,205.3543398,19.68335363,9.527774042
Liechtenstein,2008,219.507244,19.85308199,9.631473043
Liechtenstein,2007,200.7674223,19.6424228,9.448705493
Liechtenstein,2006,231.0986716,19.40014928,9.372466424
Liechtenstein,2005,228.9696428,18.64348668,9.194237421
Liechtenstein,2004,229.3804878,18.13577066,9.064263306
Liechtenstein,2003,229.3460786,18.04560423,9.390965033
Liechtenstein,2002,220.0120639,17.87992239,9.376059719
Liechtenstein,2001,214.6645805,17.68451912,9.227458378
Liechtenstein,2000,216.8540328,16.83053755,9.222737909
Liechtenstein,1999,226.5603816,17.2579765,9.323618176
Liechtenstein,1998,229.232619,17.94202011,9.569155978
Liechtenstein,1997,218.3710126,18.05628772,9.898109958
Liechtenstein,1996,205.9587968,18.34642918,9.855839352
Liechtenstein,1995,204.1999761,18.0184916,9.937298698
Liechtenstein,1994,201.1094499,18.02619766,10.0327742
Liechtenstein,1993,215.032328,17.92697053,10.06270183
Liechtenstein,1992,206.9480717,18.74476125,10.30464502
Liechtenstein,1991,206.3264705,19.17352113,10.38623582
Liechtenstein,1990,198.9679256,19.24721865,10.17256566
Lithuania,2018,13669.49198,3064.333812,2955.346231
Lithuania,2017,13545.84749,3277.022847,3068.37349
Lithuania,2016,13327.51332,3332.563738,3033.201476
Lithuania,2015,13297.1428,3424.571929,3105.460737
Lithuania,2014,13087.47013,3471.766554,3085.432644
Lithuania,2013,13340.26873,3465.476473,2948.721605
Lithuania,2012,14330.82894,3532.880016,3178.413096
Lithuania,2011,14271.07698,3524.11993,3356.458347
Lithuania,2010,13926.73886,3684.249965,3013.850936
Lithuania,2009,13022.76795,3709.482785,3119.567829
Lithuania,2008,15179.1618,3806.756451,5195.079286
Lithuania,2007,15797.78735,3872.221582,5458.001235
Lithuania,2006,14408.01085,3908.949506,4658.948394
Lithuania,2005,14091.07595,3909.474269,4710.746776
Lithuania,2004,13272.34287,3916.117922,4445.164917
Lithuania,2003,12679.86709,3896.431721,4219.486804
Lithuania,2002,12690.00576,3839.506989,4114.360184
Lithuania,2001,12621.36565,3786.869776,3880.619252
Lithuania,2000,11873.91865,3861.014803,3765.721175
Lithuania,1999,13476.96037,4000.595441,3564.501579
Lithuania,1998,16039.69998,4250.641859,3614.330255
Lithuania,1997,15182.20784,4367.132139,3376.322499
Lithuania,1996,15757.6305,4356.413414,3262.515924
Lithuania,1995,15084.48043,4435.271616,2806.645712
Lithuania,1994,15788.26627,4668.052186,2856.863052
Lithuania,1993,16348.04868,5177.41481,3207.561178
Lithuania,1992,21200.57717,5927.339937,3676.555284
Lithuania,1991,37851.58852,6795.420909,5367.685897
Lithuania,1990,35771.81571,7006.001828,5238.613681
Luxembourg,2018,9568.519534,587.6581815,313.1346256
Luxembourg,2017,9250.402127,593.664909,312.1441975
Luxembourg,2016,9080.252827,586.3340659,308.3370026
Luxembourg,2015,9333.168899,582.3785308,297.5869476
Luxembourg,2014,9825.215863,576.5017519,299.3647041
Luxembourg,2013,10303.87227,563.5626801,296.0803472
Luxembourg,2012,10851.39911,559.2549396,295.5466147
Luxembourg,2011,11114.55482,567.3056385,300.0903856
Luxembourg,2010,11219.2943,591.6551715,297.1481124
Luxembourg,2009,10647.82134,591.8640279,289.5052874
Luxembourg,2008,11195.24634,590.4976357,292.5292782
Luxembourg,2007,11333.58394,580.188624,286.2368011
Luxembourg,2006,11936.28426,571.385596,281.2991945
Luxembourg,2005,12105.44806,575.1993328,282.6916213
Luxembourg,2004,11844.30646,576.2758207,299.7331183
Luxembourg,2003,10476.0187,579.5943211,274.7656609
Luxembourg,2002,10003.04875,590.1956812,296.5410812
Luxembourg,2001,9226.366846,590.7160934,299.8756414
Luxembourg,2000,8731.566384,585.4135361,318.6822225
Luxembourg,1999,8147.983983,592.5475345,318.9938404
Luxembourg,1998,7695.073025,587.6154386,314.3734106
Luxembourg,1997,8573.106453,590.0000916,317.8385268
Luxembourg,1996,9219.907641,595.2807299,320.7936369
Luxembourg,1995,9170.29951,586.3809317,318.2253729
Luxembourg,1994,11563.92821,570.5619211,318.1720884
Luxembourg,1993,12372.80606,583.0711542,323.0662169
Luxembourg,1992,12232.16031,578.368946,329.3106954
Luxembourg,1991,12465.7878,594.1301628,321.491654
Luxembourg,1990,11847.63544,581.6467324,310.4985793
Malta,2018,1531.580726,199.8513291,42.76781665
Malta,2017,1552.998398,190.8464373,42.18616833
Malta,2016,1399.487642,190.7677295,44.57673437
Malta,2015,1735.29588,181.9050145,45.41745342
Malta,2014,2442.395661,172.4321917,45.71034407
Malta,2013,2437.840534,156.1778619,45.01096652
Malta,2012,2762.074708,166.4983507,45.90002241
Malta,2011,2578.072342,168.2775302,45.72133076
Malta,2010,2581.758859,180.4372424,52.50511484
Malta,2009,2532.568424,162.1050301,52.65935284
Malta,2008,2747.13216,147.2400743,56.39394555
Malta,2007,2735.723206,227.8088686,59.21848198
Malta,2006,2665.944469,221.6388792,58.8492737
Malta,2005,2654.255771,213.9763277,58.20376784
Malta,2004,2846.41053,202.7810353,58.63598858
Malta,2003,2979.280956,193.1444704,58.96331261
Malta,2002,2707.480914,186.2393092,59.17906308
Malta,2001,2665.171448,179.4219875,60.11561052
Malta,2000,2545.521719,174.6495005,61.42559792
Malta,1999,2627.594174,164.1636556,59.86965802
Malta,1998,2545.134087,157.1717499,62.19765915
Malta,1997,2586.187667,150.795727,60.2981827
Malta,1996,2578.446386,143.9567572,59.35585268
Malta,1995,2460.268911,137.0340536,61.9968047
Malta,1994,2669.722353,132.2732924,60.57485456
Malta,1993,2891.125508,126.2775463,60.89965939
Malta,1992,2314.902342,118.9994831,57.96014554
Malta,1991,2255.3887,111.8931319,56.98754938
Malta,1990,2408.463325,105.2876886,56.61241371
Monaco,2018,74.7550712,1.334312514,3.096666473
Monaco,2017,73.05330141,1.355808701,2.885838364
Monaco,2016,74.65580933,1.33319863,3.417171816
Monaco,2015,74.36154372,1.352906472,3.642419207
Monaco,2014,73.88640003,1.308817521,3.704318032
Monaco,2013,78.80966798,1.269528431,4.074495219
Monaco,2012,78.04768977,1.300596211,3.949746025
Monaco,2011,75.01078291,1.157977382,3.973453788
Monaco,2010,77.69199338,1.2543823,4.127811236
Monaco,2009,79.16375832,1.017698835,4.097443758
Monaco,2008,82.35295461,1.895469992,3.831407436
Monaco,2007,82.76842356,1.854205539,3.899064919
Monaco,2006,84.0080086,1.95361903,3.028307585
Monaco,2005,90.31122833,1.740575795,2.790434969
Monaco,2004,91.87932525,1.592638013,2.899744627
Monaco,2003,97.05070775,1.267548495,3.037769154
Monaco,2002,99.73986565,1.30369232,3.174090776
Monaco,2001,100.0105945,1.27615864,3.319029578
Monaco,2000,100.3053733,1.429627813,3.161142104
Monaco,1999,102.7714981,1.373374285,2.94579356
Monaco,1998,102.0685953,1.135924662,2.94654618
Monaco,1997,103.193469,1.087583248,3.039932972
Monaco,1996,104.7079759,1.217148663,2.934744143
Monaco,1995,101.1962876,1.210734952,2.802519271
Monaco,1994,104.4105919,1.333820663,2.877653662
Monaco,1993,103.5990568,1.583480885,2.807815833
Monaco,1992,104.5103293,1.886635112,2.674583813
Monaco,1991,98.90814357,2.039692858,2.52744438
Monaco,1990,98.22770539,2.199070709,2.229837463
Netherlands,2018,160170.1474,17308.77707,8349.11774
Netherlands,2017,164444.7738,18012.19306,8657.643649
Netherlands,2016,166282.0897,18329.04607,8476.745019
Netherlands,2015,166366.6559,18202.62091,8808.214433
Netherlands,2014,158768.0123,18008.29209,8558.245496
Netherlands,2013,165717.8778,18425.57004,8430.425292
Netherlands,2012,165827.0273,18438.36878,8250.491859
Netherlands,2011,169065.7343,18859.43234,8413.973191
Netherlands,2010,182117.9381,19405.98858,8628.942414
Netherlands,2009,170167.7414,19489.08871,8921.107632
Netherlands,2008,175481.511,19709.55387,9121.792956
Netherlands,2007,172587.1803,19481.67317,12893.92386
Netherlands,2006,172686.5233,19432.64942,14545.99074
Netherlands,2005,177459.0051,19874.58799,14589.14205
Netherlands,2004,181381.7659,21331.71289,14679.31649
Netherlands,2003,179564.9981,21714.99226,14232.24794
Netherlands,2002,176113.0465,22488.92404,14355.59972
Netherlands,2001,176798.5131,23616.98506,15162.22129
Netherlands,2000,171887.4401,24279.48239,16145.37169
Netherlands,1999,170727.3496,25382.85518,16673.17159
Netherlands,1998,176136.8661,26641.39352,17363.05866
Netherlands,1997,175019.6263,27378.14992,17942.8716
Netherlands,1996,182148.2881,29009.22433,18206.0945
Netherlands,1995,172966.1687,29699.08264,18161.13685
Netherlands,1994,171401.365,30418.93032,18250.7666
Netherlands,1993,170817.5524,31434.00853,18731.82684
Netherlands,1992,170630.2414,31864.09352,18458.30492
Netherlands,1991,170796.3825,32252.80076,18204.99757
Netherlands,1990,162385.1094,31847.2144,18032.65962
New Zealand,2018,35080.34098,34286.23424,7592.453246
New Zealand,2017,36153.33197,34254.96088,7498.677543
New Zealand,2016,34267.62428,34262.00473,7469.27139
New Zealand,2015,35839.19389,34707.38826,7450.754939
New Zealand,2014,35457.80447,35226.47401,7371.558671
New Zealand,2013,35240.93689,34982.90016,7230.13015
New Zealand,2012,36000.43344,34899.97617,7209.712247
New Zealand,2011,34249.57119,34439.51329,7061.104159
New Zealand,2010,34957.78384,34319.9589,6873.634557
New Zealand,2009,34762.43475,34286.36111,6667.820268
New Zealand,2008,37592.31699,34117.12456,6764.416204
New Zealand,2007,36559.88429,35132.47792,6770.139685
New Zealand,2006,37466.32902,36072.56046,7021.603546
New Zealand,2005,37571.03914,35857.11157,7089.353825
New Zealand,2004,35940.11114,35632.04621,7046.620907
New Zealand,2003,36351.90404,35663.4218,7003.268199
New Zealand,2002,34638.10139,35530.79493,6822.824557
New Zealand,2001,34457.44197,35723.43195,6551.878366
New Zealand,2000,32281.35225,35341.15912,6176.742188
New Zealand,1999,31472.27349,34460.96509,5865.988512
New Zealand,1998,29882.78027,34215.5995,5833.310896
New Zealand,1997,31289.33789,34770.05183,5889.658992
New Zealand,1996,29295.07773,34096.24581,5800.274666
New Zealand,1995,28001.80534,33496.82723,5729.904961
New Zealand,1994,27880.32943,33094.28117,5487.057336
New Zealand,1993,27699.4614,32248.26304,5252.472084
New Zealand,1992,28105.07462,32038.27997,5041.350439
New Zealand,1991,26110.38403,32412.23811,5006.247944
New Zealand,1990,25446.28786,32287.60373,4927.112795
Norway,2018,43817.65675,4804.545578,2349.11607
Norway,2017,43562.54149,4867.318317,2380.632056
Norway,2016,44472.7299,4949.493695,2424.094602
Norway,2015,45350.49638,5055.274667,2491.423469
Norway,2014,44916.60605,5087.818099,2454.432934
Norway,2013,44982.39531,5146.698135,2446.841527
Norway,2012,45038.3126,5212.145626,2474.062482
Norway,2011,45513.35981,5236.981813,2469.024546
Norway,2010,46231.65412,5389.769959,2474.664712
Norway,2009,43890.02735,5383.505833,2564.028684
Norway,2008,45377.69503,5341.590891,3114.107852
Norway,2007,46231.28602,5487.66135,3556.277799
Norway,2006,44484.78055,5404.684245,3730.698417
Norway,2005,43923.15685,5551.454993,4064.430972
Norway,2004,44622.57993,5698.043549,3995.029018
Norway,2003,44305.68032,5813.888878,3850.852835
Norway,2002,42985.66412,5841.687696,3998.185643
Norway,2001,43866.41448,5966.466638,3756.14325
Norway,2000,42518.55145,5975.453654,3827.60176
Norway,1999,42974.02453,5966.01588,4027.937283
Norway,1998,42220.22915,6074.719141,3814.531515
Norway,1997,41969.97546,6274.604766,3724.497762
Norway,1996,41830.30808,6255.287242,3734.002651
Norway,1995,38707.50268,6209.904205,3716.904996
Norway,1994,38088.99157,6259.835276,3689.03346
Norway,1993,36224.20088,6177.556284,3620.447195
Norway,1992,34734.74763,6051.541828,3420.678684
Norway,1991,33816.45726,5977.405927,3955.596431
Norway,1990,35321.32608,6032.025874,4112.289171
Poland,2018,337705.7418,48753.2212,22106.0059
Poland,2017,337340.4218,49237.84312,21970.0026
Poland,2016,324011.3351,49271.05666,20976.16246
Poland,2015,313099.1474,49805.78188,20317.55055
Poland,2014,309920.9158,49246.96175,21045.77709
Poland,2013,322225.4403,49879.18481,21495.39727
Poland,2012,326348.2115,49743.48627,21331.20248
Poland,2011,333952.0348,49992.25932,21244.43015
Poland,2010,334606.784,51156.13323,20915.00902
Poland,2009,316607.7006,51338.42405,21338.15933
Poland,2008,330144.9987,52652.02288,24560.58786
Poland,2007,336368.4978,52830.00389,25007.28998
Poland,2006,337037.5115,53691.35681,24177.0755
Poland,2005,323161.2669,53475.87901,23737.72865
Poland,2004,324146.2098,53075.76076,23493.39571
Poland,2003,319406.0512,53369.62887,22858.74563
Poland,2002,306403.3329,53265.64564,23151.55526
Poland,2001,313647.662,54867.52401,24590.50627
Poland,2000,317338.0342,53096.74516,24243.27733
Poland,1999,329167.3319,54482.86057,24042.03735
Poland,1998,339132.8865,55710.63427,24563.99151
Poland,1997,367385.3232,57833.03381,24664.26121
Poland,1996,377407.8357,58106.85167,24582.31322
Poland,1995,362761.2668,58974.40796,24613.80374
Poland,1994,360416.8079,60467.93881,23598.20206
Poland,1993,365370.6957,61218.33588,23593.37368
Poland,1992,364677.8697,63104.59525,22568.76491
Poland,1991,373793.3205,64910.21753,24281.85388
Poland,1990,376546.518,69796.96165,28594.96662
Portugal,2018,51482.48117,9126.420343,3216.741423
Portugal,2017,54719.976,9168.195808,3249.9164
Portugal,2016,50455.57007,9142.251934,3165.754289
Portugal,2015,52294.06042,9220.023867,3238.08354
Portugal,2014,47948.43506,9435.554032,3347.064788
Portugal,2013,48161.8829,9566.382747,3223.442265
Portugal,2012,49962.62359,9806.388825,3213.804242
Portugal,2011,51792.65383,10049.81207,3196.637909
Portugal,2010,52989.37725,10153.62217,3460.793498
Portugal,2009,57200.25566,10351.92577,3483.612042
Portugal,2008,59973.06253,10531.64793,3791.588306
Portugal,2007,62280.42297,10766.13783,3882.43433
Portugal,2006,64767.65484,10967.55455,3712.962725
Portugal,2005,69483.98231,11067.3126,3845.708997
Portugal,2004,67255.3254,11134.76747,4021.482656
Portugal,2003,64419.31474,11130.25473,3859.407797
Portugal,2002,69556.0827,11127.30858,4205.786727
Portugal,2001,65149.30489,11114.57519,4305.986056
Portugal,2000,65526.58828,11121.32381,4436.922581
Portugal,1999,66763.19305,10923.09971,4242.939706
Portugal,1998,59138.43438,10686.35002,4136.625793
Portugal,1997,54597.58789,10484.68341,4111.038464
Portugal,1996,51703.22019,10291.51859,4064.522948
Portugal,1995,54450.76572,10106.26557,3870.132937
Portugal,1994,50246.44805,9949.272675,3710.323903
Portugal,1993,49391.8956,9820.843589,3726.102608
Portugal,1992,50889.16877,9761.920623,3811.997402
Portugal,1991,46960.25731,9712.391471,3846.462769
Portugal,1990,45082.97185,9590.332464,3885.302439
Romania,2018,76951.21897,28183.62634,8618.208086
Romania,2017,78077.48973,28706.54116,7852.58316
Romania,2016,75812.80179,29011.79966,7512.601828
Romania,2015,77725.62988,29544.30971,7450.664382
Romania,2014,77432.41729,30026.68493,7322.679861
Romania,2013,76875.89361,30158.61669,7602.828149
Romania,2012,86255.69302,30694.09876,7431.571186
Romania,2011,89518.24584,30198.9994,8138.513962
Romania,2010,84289.72156,31036.70504,7792.690447
Romania,2009,86024.13623,33462.1335,7563.466104
Romania,2008,105534.5795,35183.21038,8199.801813
Romania,2007,108440.4933,36108.53749,9395.920049
Romania,2006,105082.793,37055.47199,9397.832438
Romania,2005,102694.4733,37662.0056,10548.53973
Romania,2004,104269.7567,37110.23207,10707.92295
Romania,2003,105295.1722,38508.69954,9430.40349
Romania,2002,101735.3324,37265.14589,8730.488856
Romania,2001,100357.0713,34866.5749,9468.319855
Romania,2000,95455.76055,36329.48723,9614.323932
Romania,1999,90778.17845,45866.394,9130.747833
Romania,1998,107561.5443,47293.73678,9685.800388
Romania,1997,121074.6743,49814.77543,10897.25846
Romania,1996,130095.9253,45916.20531,11225.92733
Romania,1995,127032.8556,46097.91099,11739.30991
Romania,1994,121961.4619,45139.84535,11050.81706
Romania,1993,122832.3051,45511.60607,11874.04127
Romania,1992,131072.2766,47197.38291,11208.77946
Romania,1991,139370.2532,51333.43836,11191.15204
Romania,1990,169285.8727,60017.60053,15881.74333
Russian Federation,2018,1691360.426,396033.6357,85932.15699
Russian Federation,2017,1646179.81,383899.7452,86252.43224
Russian Federation,2016,1618304.258,366880.7299,84612.34356
Russian Federation,2015,1622861.01,363011.7538,81146.12863
Russian Federation,2014,1622348.909,363599.2712,79372.07186
Russian Federation,2013,1619172.892,364595.4226,78340.72318
Russian Federation,2012,1679866.196,364676.8304,76729.47056
Russian Federation,2011,1664953.147,360136.7795,79118.90544
Russian Federation,2010,1612884.814,351949.6649,75000.18994
Russian Federation,2009,1528764.918,337368.3689,78130.11397
Russian Federation,2008,1636694.375,359830.9624,78106.89588
Russian Federation,2007,1604323.814,356399.3364,75403.10126
Russian Federation,2006,1606313.355,352921.4523,73605.32914
Russian Federation,2005,1547375.781,346426.3175,73603.56507
Russian Federation,2004,1530473.625,343465.8269,74031.89493
Russian Federation,2003,1525389.951,336816.9383,74677.18785
Russian Federation,2002,1495483.578,324570.3455,76548.32164
Russian Federation,2001,1507500.88,323654.9307,75942.99654
Russian Federation,2000,1471052.231,317014.9547,75643.72785
Russian Federation,1999,1486090.034,312290.7602,73621.50389
Russian Federation,1998,1458157.135,313197.3027,75243.47099
Russian Federation,1997,1475157.172,325262.8963,82862.02034
Russian Federation,1996,1580160.844,337571.9029,85502.72674
Russian Federation,1995,1612928.32,351384.1963,91131.70978
Russian Federation,1994,1641399.16,367413.9262,98666.12605
Russian Federation,1993,1859459.631,394491.4922,112740.8654
Russian Federation,1992,1957658.894,412866.3136,123504.4807
Russian Federation,1991,2395977.96,441113.482,136089.3617
Russian Federation,1990,2525293.782,463735.6611,146044.1422
Slovakia,2018,36087.83723,4442.031519,2098.537536
Slovakia,2017,36087.33766,4616.359877,2016.830444
Slovakia,2016,34921.79326,4578.92049,2130.395666
Slovakia,2015,34484.23681,4530.98836,2057.746728
Slovakia,2014,33654.49733,4341.74975,2116.213359
Slovakia,2013,35577.83762,4604.274188,1994.544215
Slovakia,2012,36021.18152,4480.385875,2009.148301
Slovakia,2011,38111.95304,4862.475526,2083.645252
Slovakia,2010,38523.21729,4797.648424,2442.793684
Slovakia,2009,37755.06558,4703.378913,2637.837348
Slovakia,2008,41503.17436,4950.500077,2965.630767
Slovakia,2007,41095.10649,4875.323652,3011.863146
Slovakia,2006,42687.29042,4935.476398,3145.344692
Slovakia,2005,42910.8509,5106.733124,2920.544115
Slovakia,2004,42924.74907,5071.71248,2981.114741
Slovakia,2003,42438.08375,4977.525736,2741.647133
Slovakia,2002,42112.40505,5115.717025,2757.691758
Slovakia,2001,43378.29533,5198.690887,2819.071388
Slovakia,2000,41289.13043,5319.009389,2550.447839
Slovakia,1999,43200.60807,5552.983003,2337.694492
Slovakia,1998,44073.14497,5580.669812,2775.428015
Slovakia,1997,44313.68034,5642.139088,3082.007696
Slovakia,1996,44186.12439,5840.367604,3082.867665
Slovakia,1995,44322.41366,5923.861024,2899.935518
Slovakia,1994,43878.72085,5884.160335,2767.713947
Slovakia,1993,46484.22491,6077.766232,2308.362082
Slovakia,1992,49029.13594,6323.842529,2774.560085
Slovakia,1991,53437.90155,6957.445207,3391.557946
Slovakia,1990,61633.4626,7255.124047,4313.61871
Slovenia,2018,14487.84447,1936.15654,753.4826361
Slovenia,2017,14264.75336,1994.410179,735.1976623
Slovenia,2016,14416.65654,2041.537958,760.7213446
Slovenia,2015,13617.54258,2003.596879,752.7786966
Slovenia,2014,13531.93631,1946.781608,730.356907
Slovenia,2013,15188.91361,2047.634227,722.4519959
Slovenia,2012,15821.75598,2103.529995,750.2236403
Slovenia,2011,16360.30109,2149.568507,747.1280523
Slovenia,2010,16376.44351,2157.639944,735.5584183
Slovenia,2009,16329.78202,2189.336375,744.6695776
Slovenia,2008,18220.01445,2283.610424,752.3642748
Slovenia,2007,17281.00171,2404.593869,790.5907155
Slovenia,2006,17142.52575,2378.223319,783.0606263
Slovenia,2005,16948.1214,2431.636877,771.2286995
Slovenia,2004,16651.03028,2457.410582,767.413241
Slovenia,2003,16289.02973,2508.637641,790.6751201
Slovenia,2002,16525.27054,2546.971228,818.9550107
Slovenia,2001,16378.3389,2475.324091,891.5985992
Slovenia,2000,15444.89879,2498.409468,903.3579234
Slovenia,1999,15337.2395,2405.09616,871.2048859
Slovenia,1998,15961.12827,2402.469521,875.636771
Slovenia,1997,16244.92145,2350.317676,876.5735436
Slovenia,1996,15916.60623,2334.70561,859.968274
Slovenia,1995,15254.25211,2377.041319,829.8070436
Slovenia,1994,14642.67298,2349.974515,781.2832481
Slovenia,1993,14303.47459,2355.84061,725.7843314
Slovenia,1992,14006.74908,2465.379881,761.4708467
Slovenia,1991,14001.23868,2448.476123,700.9006751
Slovenia,1990,15093.83837,2543.980357,754.3544869
Spain,2018,269654.2535,39722.32662,18413.53642
Spain,2017,274671.2617,39586.17841,18529.64815
Spain,2016,260759.5636,39150.19505,17898.06695
Spain,2015,271687.3492,39189.63757,18138.79692
Spain,2014,255100.2057,37908.22718,17915.72099
Spain,2013,252763.8173,38489.7099,17262.36156
Spain,2012,278850.6911,39441.68707,16552.78739
Spain,2011,284543.8483,40639.63179,17225.5217
Spain,2010,283724.9936,40524.75263,18197.71858
Spain,2009,297241.175,42374.56068,17869.92975
Spain,2008,336624.2101,40922.23141,18039.85789
Spain,2007,368432.6984,42408.67642,19935.21164
Spain,2006,360578.6042,41567.62333,19775.12823
Spain,2005,369492.1247,42269.4554,19784.19008
Spain,2004,354485.5772,43223.75003,20504.53768
Spain,2003,337588.927,43727.80453,21237.37683
Spain,2002,333379.5155,43308.57743,20023.11656
Spain,2001,313119.8411,43163.90649,20812.78949
Spain,2000,311267.0465,42768.18009,21806.25014
Spain,1999,299498.6716,41282.33188,20814.04591
Spain,1998,276021.5824,40169.20003,19818.50164
Spain,1997,267306.4392,39663.63816,19231.3307
Spain,1996,254795.3293,38822.41417,19618.46549
Spain,1995,267416.7183,37044.26964,17417.60209
Spain,1994,253661.3936,36217.24757,17570.66601
Spain,1993,241195.1829,35048.0631,15977.58304
Spain,1992,249813.1944,35176.18874,17157.86068
Spain,1991,240953.0208,34473.56589,17651.72627
Spain,1990,231213.5561,35609.22238,18292.26533
Sweden,2018,41766.18272,4380.545991,4503.639046
Sweden,2017,42306.81605,4470.490484,4757.282674
Sweden,2016,42972.56534,4510.992384,4576.736908
Sweden,2015,43336.75548,4595.543852,4597.772189
Sweden,2014,43337.55541,4701.769394,4576.553958
Sweden,2013,45086.33548,4828.159941,4523.205735
Sweden,2012,46692.00743,4899.563713,4482.997024
Sweden,2011,49166.9006,5066.002034,4522.1081
Sweden,2010,53042.22336,5216.540091,4823.489771
Sweden,2009,47231.11684,5338.206498,4654.485814
Sweden,2008,50855.99558,5492.783073,4825.63575
Sweden,2007,52940.90445,5765.061236,4745.235404
Sweden,2006,53674.2652,6027.049503,4906.280798
Sweden,2005,53852.85668,6140.515919,4962.556308
Sweden,2004,56475.91901,6330.347543,5068.018855
Sweden,2003,57160.56661,6303.879424,5059.409059
Sweden,2002,56572.51972,6513.630459,5094.192813
Sweden,2001,55617.05585,6760.418828,5213.167378
Sweden,2000,54684.42832,6833.157391,5332.712195
Sweden,1999,55820.15692,6998.616756,5421.420245
Sweden,1998,58696.66595,7198.350266,5638.954452
Sweden,1997,58212.55213,7305.874011,5600.588249
Sweden,1996,63302.7784,7375.664325,5596.06151
Sweden,1995,59366.20661,7367.097718,5583.884835
Sweden,1994,59953.80904,7464.229192,5705.986567
Sweden,1993,57493.44934,7525.959726,5674.214432
Sweden,1992,57451.49002,7549.989331,5463.876519
Sweden,1991,57707.22304,7415.060909,5618.135388
Sweden,1990,57348.82489,7418.84984,5740.25607
Switzerland,2018,36895.48483,4839.985735,2879.645997
Switzerland,2017,38182.26503,4868.485224,3082.523914
Switzerland,2016,39192.60948,4930.188947,2888.998775
Switzerland,2015,38733.19312,4974.088868,2910.242323
Switzerland,2014,39234.43282,5003.621204,2881.233613
Switzerland,2013,43185.83728,5006.729969,2901.266541
Switzerland,2012,42254.7224,5070.774774,3001.277311
Switzerland,2011,40985.52355,5099.144807,2941.785666
Switzerland,2010,45049.55158,5154.273682,3012.860693
Switzerland,2009,43534.71554,5180.892065,2868.552343
Switzerland,2008,44714.30997,5272.989404,2979.061518
Switzerland,2007,43368.3664,5202.424944,3105.136612
Switzerland,2006,45373.68308,5220.257025,3009.664956
Switzerland,2005,45788.23496,5203.77434,3116.870039
Switzerland,2004,45236.39943,5188.629326,3004.84649
Switzerland,2003,44651.90699,5222.947147,3077.787148
Switzerland,2002,43467.59616,5303.138672,3274.359002
Switzerland,2001,45082.44599,5347.718295,3247.336289
Switzerland,2000,43617.59143,5306.614121,3307.49147
Switzerland,1999,44445.84095,5362.231013,3144.79022
Switzerland,1998,44614.82137,5448.396764,3173.374935
Switzerland,1997,43037.26666,5519.477619,3240.386591
Switzerland,1996,44098.81967,5668.313273,3258.79656
Switzerland,1995,43412.83031,5729.317252,3333.124201
Switzerland,1994,42675.89411,5729.918518,3300.503235
Switzerland,1993,43601.02312,5780.84515,3351.651847
Switzerland,1992,46009.70443,5890.168934,3258.710483
Switzerland,1991,46133.82104,5973.042561,3312.404577
Switzerland,1990,44154.42095,6044.116665,3326.81321
Turkey,2018,419194.7471,57576.12475,38923.81175
Turkey,2017,425329.23,54231.17105,38841.75128
Turkey,2016,401239.7383,53858.24965,37403.478
Turkey,2015,381331.944,51359.75578,35025.53357
Turkey,2014,361675.4608,57304.7294,34280.02913
Turkey,2013,345220.5849,55469.06375,33826.1801
Turkey,2012,353666.2091,57091.95913,31812.16266
Turkey,2011,339482.2521,53694.47618,30673.42399
Turkey,2010,314380.0326,51319.21651,29601.832
Turkey,2009,315359.6376,49590.82268,28253.70299
Turkey,2008,309321.1949,49891.0493,25932.04756
Turkey,2007,312736.7085,48981.84159,27395.15938
Turkey,2006,281649.1849,46589.01486,28148.77529
Turkey,2005,264200.7972,45155.77984,26058.63998
Turkey,2004,244464.1125,43489.33628,25209.5481
Turkey,2003,236483.8929,42864.46687,24686.81356
Turkey,2002,220977.7011,40860.3314,23147.86041
Turkey,2001,213486.0939,42795.00671,23182.92296
Turkey,2000,229790.6013,43557.40171,24681.8263
Turkey,1999,207804.1627,43676.90984,25551.96702
Turkey,1998,212040.2817,42312.75148,25251.07138
Turkey,1997,212005.5681,42121.71458,23914.56288
Turkey,1996,199521.9389,42854.51031,24433.03368
Turkey,1995,180903.0474,42503.02797,23744.43678
Turkey,1994,167433.1133,42683.70233,23460.85248
Turkey,1993,171011.1628,42965.63504,25936.824
Turkey,1992,163922.2497,43193.12481,25137.41352
Turkey,1991,157982.0046,43285.36366,24625.3608
Turkey,1990,151508.4676,42405.06049,24828.98666
Ukraine,2018,231694.1647,67519.92714,38647.64436
Ukraine,2017,223232.1511,63653.69609,34854.85932
Ukraine,2016,234200.3018,65994.00863,36291.38584
Ukraine,2015,223911.8685,61235.88788,32996.22301
Ukraine,2014,257584.6893,68759.02601,35294.23511
Ukraine,2013,297294.2528,75185.45111,35394.98295
Ukraine,2012,303952.6061,80482.43555,31882.74129
Ukraine,2011,307952.8414,86010.19579,33334.15607
Ukraine,2010,294078.3225,84567.78294,27372.77169
Ukraine,2009,277293.5006,85161.554,26788.07279
Ukraine,2008,325532.7129,93232.24077,30788.8184
Ukraine,2007,336364.0135,99906.8724,25610.01574
Ukraine,2006,332670.3372,100088.1178,25990.83384
Ukraine,2005,313118.0879,102445.9042,25639.22569
Ukraine,2004,310362.7483,106529.281,25322.89434
Ukraine,2003,307017.4717,109680.4876,22842.00843
Ukraine,2002,295673.4905,109053.0663,25542.76352
Ukraine,2001,303559.2295,116501.7433,25092.78187
Ukraine,2000,285337.2013,117952.8712,23781.09049
Ukraine,1999,298203.9603,126924.2357,23780.98012
Ukraine,1998,328578.9375,125666.4622,25943.07049
Ukraine,1997,340242.6862,129383.4971,29215.52141
Ukraine,1996,351408.7528,134676.0472,28453.13443
Ukraine,1995,389864.6148,138648.7947,32819.57274
Ukraine,1994,419266.3007,148884.235,35995.86388
Ukraine,1993,510199.5373,158319.0892,41918.63988
Ukraine,1992,589060.2509,166761.387,44718.9007
Ukraine,1991,632536.6261,174694.1848,48270.17738
Ukraine,1990,705829.9918,182572.6811,53433.96074
United Kingdom,2018,380849.8829,51936.27855,19209.70651
United Kingdom,2017,388803.4101,51965.79066,19306.3731
United Kingdom,2016,399824.2993,51541.2383,18940.06318
United Kingdom,2015,423199.6172,53123.89894,19012.3182
United Kingdom,2014,439763.277,53930.7315,19506.5016
United Kingdom,2013,478608.9451,56051.1103,18914.2198
United Kingdom,2012,488503.5484,60043.72056,18983.26414
United Kingdom,2011,470608.131,61559.16651,19118.33432
United Kingdom,2010,512864.7917,64242.42349,19905.22374
United Kingdom,2009,495119.4859,68914.8234,19565.44058
United Kingdom,2008,545682.4677,73452.39506,21018.24519
United Kingdom,2007,560205.5955,79042.73595,21659.0817
United Kingdom,2006,568390.0546,82927.13843,21607.74651
United Kingdom,2005,570724.2652,87366.26407,22746.43266
United Kingdom,2004,573994.4908,92148.35885,23652.45936
United Kingdom,2003,572532.2511,96504.25667,23110.38166
United Kingdom,2002,561047.8451,101688.3909,23534.36908
United Kingdom,2001,576926.9946,104138.7803,25163.44887
United Kingdom,2000,568220.0555,109036.7938,26685.86385
United Kingdom,1999,561651.0939,114254.7031,27341.83178
United Kingdom,1998,568512.202,119813.2217,36864.30059
United Kingdom,1997,563241.8361,123338.0337,36903.90846
United Kingdom,1996,589137.8247,125643.9292,36650.56444
United Kingdom,1995,567507.6481,126522.0681,36660.32651
United Kingdom,1994,575774.5996,125007.1893,37919.91754
United Kingdom,1993,579506.6864,131903.7295,37282.09851
United Kingdom,1992,593745.9739,133490.7232,41516.63848
United Kingdom,1991,609266.002,133811.5807,46429.75794
United Kingdom,1990,601187.1868,133060.4319,46210.68165
United States of America,2018,5424881.502,634457.1271,434528.5554
United States of America,2017,5253606.13,630304.4675,421258.9345
United States of America,2016,5292267.561,624244.787,426067.4008
United States of America,2015,5412432.194,638482.827,443821.3016
United States of America,2014,5561719.216,639011.1102,449265.1739
United States of America,2013,5514029.294,642457.5365,439175.2414
United States of America,2012,5367568.555,646830.1439,392262.993
United States of America,2011,5565294.401,656270.4472,421855.6684
United States of America,2010,5698055.779,682336.3292,431423.7712
United States of America,2009,5491035.727,680197.8131,422461.4619
United States of America,2008,5930539.643,691692.0528,423646.1807
United States of America,2007,6128429.64,685669.5339,439932.8944
United States of America,2006,6051051.022,683953.8356,428713.7666
United States of America,2005,6131892.976,679562.0902,432632.7451
United States of America,2004,6107618.246,681718.7032,446697.2043
United States of America,2003,5991959.633,688031.34,437143.955
United States of America,2002,5942652.335,688418.2551,436646.4716
United States of America,2001,5900436.596,695650.4364,438522.3368
United States of America,2000,5998070.434,703010.9234,423309.7012
United States of America,1999,5830297.636,708860.7259,436401.2896
United States of America,1998,5751051.98,726699.755,446989.4961
United States of America,1997,5703706.968,741833.574,446662.7394
United States of America,1996,5626911.901,757630.5061,460856.9219
United States of America,1995,5438905.704,764998.0709,449257.5447
United States of America,1994,5377032.708,772160.7616,437560.064
United States of America,1993,5283437.595,765962.6834,452370.5429
United States of America,1992,5182706.72,777754.0089,424348.137
United States of America,1991,5078889.576,778860.5425,424828.2863
United States of America,1990,5128300.617,774409.534,434624.2674
